id,rep,office_name,type,phone_1,phone_2,phone_3,phone_4,line_1,line_2,city,state,zip,rep_full
1,"""VT00 Peter Welch, D""",Burlington Office,district,(802) 652-2450,,,,128 Lakeside Ave,Suite 235,Burlington,VT,05401,"VT00 Peter Welch, D"
2,"""WI01 Paul D. Ryan, R""",Janesville office,district,(608) 752-4050,,,,20 South Main Street,Suite 10 ,Janesville,WI,53545,"WI01 Paul D. Ryan, R"
3,"""WI01 Paul D. Ryan, R""",Kenosha office,district,(262) 654-1901,,,,5031 7th Avenue,,Kenosha,WI,53140 ,"WI01 Paul D. Ryan, R"
4,"""WI01 Paul D. Ryan, R""",Racine office,district,(262) 637-0510,,,,216 6th Street,,Racine,WI,53403 ,"WI01 Paul D. Ryan, R"
5,"""AL01 Bradley Byrne, R""",Baldwin County Office,district,(251) 989-2664,,,,502 West Lee Avenue,,Summerdale,AL,36580,"AL01 Bradley Byrne, R"
6,"""AL01 Bradley Byrne, R""",Mobile Office,district,(251) 690-2811,,,,11 N. Water St.,Ste. 15290,Mobile,AL,36602,"AL01 Bradley Byrne, R"
7,"""AL02 Martha Roby, R""",Andalusia Office,district,(334) 428-1129,,,,City Hall,505 E. Three Notch Street #322,Andalusia,AL,36420,"AL02 Martha Roby, R"
8,"""AL02 Martha Roby, R""",Dothan Office,district,(334) 794-9680,,,,217 Graceland Drive,Suite 5,Dothan,AL,36305,"AL02 Martha Roby, R"
9,"""AL02 Martha Roby, R""",Montgomery Office,district,(334) 262-7718,,,,401 Adams Avenue,Suite 160,Montgomery,AL,36104,"AL02 Martha Roby, R"
10,"""AL03 Mike Rogers, R""",Anniston,district,(256) 236-5655,,,,1129 Noble St,# 104,Anniston,AL,36201,"AL03 Mike Rogers, R"
11,"""AL03 Mike Rogers, R""",Opelika,district,(334) 745-6221,,,,"701 Avenue A, Suite 300",G.W. Andrews Federal Building,Opelika,AL,36801,"AL03 Mike Rogers, R"
12,"""AL04 Robert B. Aderholt, R""",Cullman Office,district,(256) 734-6043,,,,,,Cullman,AL,,"AL04 Robert B. Aderholt, R"
13,"""AL04 Robert B. Aderholt, R""",Gadsden Office,district,(256) 546-0201,,,,,,Gadsden,AL,,"AL04 Robert B. Aderholt, R"
14,"""AL04 Robert B. Aderholt, R""",Jasper Office,district,(205) 221-2310,,,,,,Jasper,AL,,"AL04 Robert B. Aderholt, R"
15,"""AL04 Robert B. Aderholt, R""",Tuscumbia Office,district,(256) 381-3450,,,,1011 George Wallace Blvd.,Suite 146,Tuscumbia,AL,35674,"AL04 Robert B. Aderholt, R"
16,"""AL05 Mo Brooks, R""",Decatur Office,district,(256) 355-9400,,,,302 Lee Street,Room 86,Decatur,AL,35601,"AL05 Mo Brooks, R"
17,"""AL05 Mo Brooks, R""",Huntsville Office,district,(256) 551-0190,,,,2101 W. Clinton Avenue,Suite 302,Huntsville,AL,35805,"AL05 Mo Brooks, R"
18,"""AL05 Mo Brooks, R""",Shoals Office,district,(256) 718-5155,,,,102 South Court Street,Suite 310,Florence,AL,35630,"AL05 Mo Brooks, R"
19,"""AL06 Gary J. Palmer, R""",Birmingham,district,(205) 968-1290,,,,3535 Grandview Parkway,Suite 525,Birmingham,AL,35243,"AL06 Gary J. Palmer, R"
20,"""AL06 Gary J. Palmer, R""",Clanton,district,(205) 280-6846,,,,703 2nd Avenue North,Box 502,Clanton,AL,35045,"AL06 Gary J. Palmer, R"
21,"""AL06 Gary J. Palmer, R""",Oneonta,district,(205) 274-2136,,,,202 3rd Avenue,,Oneonta,AL,35121,"AL06 Gary J. Palmer, R"
22,"""AL07 Terri A. Sewell, D""",Birmingham Office,district,(205) 254-1960,,,,Two 20th Street North,Suite 1130,Birmingham,AL,35203,"AL07 Terri A. Sewell, D"
23,"""AL07 Terri A. Sewell, D""",Montgomery Office,district,(334) 262-1919,,,,101 South Lawrence St.,Courthouse Annex 3,Montgomery,AL,36104,"AL07 Terri A. Sewell, D"
24,"""AL07 Terri A. Sewell, D""",Selma Office,district,(334) 877-4414,,,,908 Alabama Avenue,"Federal Building, Suite 112",Selma,AL,36701,"AL07 Terri A. Sewell, D"
25,"""AL07 Terri A. Sewell, D""",Tuscaloosa Office,district,(205) 752-5380,,,,2501 7th Street,Suite 300,Tuscaloosa,AL,35401,"AL07 Terri A. Sewell, D"
26,"""AK00 Don Young, R""",ANCHORAGE DISTRICT OFFICE,district,(907) 271-5978,,,,4241 B Street,Suite 203,Anchorage,AK,99503,"AK00 Don Young, R"
27,"""AK00 Don Young, R""",FAIRBANKS FIELD OFFICE,district,(907) 456-0210,,,,100 Cushman St. Suite 307,Key Bank Building,Fairbanks,AK,99707,"AK00 Don Young, R"
28,"""MI03 Justin Amash, R""","Grand Rapids, MI office",district,(616) 451-8383,,,,110 Michigan St NW,Suite 460,Grand Rapids,Michigan,49503,"MI03 Justin Amash, R"
29,"""MI08 Mike Bishop, R""",Brighton Office,district,(810) 227-8600,,,,711 E. Grand River Ave.,Suite A,Brighton,Michigan,48116,"MI08 Mike Bishop, R"
30,"""MI13 John  Conyers, Jr., D""",Detroit office,district,(313) 961-5670,,,,231 W. Lafayette,669 Federal Bldg,Detroit,Michigan,48226,"MI13 John  Conyers, Jr., D"
31,"""MI12 Debbie Dingell, D""",Dearborn office,district,(313) 278-2936,,,,19855 West Outer Drive,Suite 103-E,Dearborn,Michigan,48124,"MI12 Debbie Dingell, D"
32,"""MI02 Bill Huizenga, R""",Grandville office,district,(616) 570-0917,,,,4555 Wilson Ave. SW, Suite 3,Grandville,Michigan,49418,"MI02 Bill Huizenga, R"
33,"""MI05 Daniel T. Kildee, D""",Flint office,district,(810) 238-8627,,,,111 East Court St. ,#3B,Flint,Michigan,48502,"MI05 Daniel T. Kildee, D"
34,"""MI14 Brenda L. Lawrence, D""",Southfield office,district,(248) 356-2052,,,,26700 Lahser Road,Suite 330,Southfield,/Michigan,48033,"MI14 Brenda L. Lawrence, D"
35,"""MI09 Sander M. Levin, D""",Roseville office,district,(586) 498-7122,,,,27085 Gratiot Ave,,Roseville,Michigan,48066,"MI09 Sander M. Levin, D"
36,"""MI10 Paul Mitchell, R""",Washington MI office,district,(586) 785-3150,,,,66860 Van Dyke,,Washington,.Michigan,48095,"MI10 Paul Mitchell, R"
37,"""MI04 John R. Moolenaar, R""",Cadillac office,district,(231) 942-5070,,,,201 North Mitchell Street,Suite 301,Cadillac,Michigan,..49601,"MI04 John R. Moolenaar, R"
38,"""MI11 David A. Trott, R""",Troy office,district,(248) 528-0711,,,,625 East Big Beaver Road,Suite 204,Troy,Michigan,.48083,"MI11 David A. Trott, R"
39,"""MI06 Fred Upton, R""",Kalamazoo,district,(269) 385-0039,,,,350 E. Michigan Ave.,Suite 130,Kalamazoo,Michigan,.49007,"MI06 Fred Upton, R"
40,"""MI07 Tim Walberg, R""",Jackson office,district,(517) 780-9075,,,,401 W. Michigan Ave. ,,Jackson,Michigan,49201,"MI07 Tim Walberg, R"
41,"""NJ01 Donald Norcross, D""",Cherry Hill Office,district,(856) 427-7000,,,,10 Melrose Avenue Suite 210,,Cherry Hill,NJ,08003,"NJ01 Donald Norcross, D"
42,"""NJ01 Donald Norcross, D""","Washington, DC Office",capitol,(202) 225-6501,,,,1531 Longworth HOB,,Washington,DC,20515,"NJ01 Donald Norcross, D"
43,"""NJ02 Frank A. LoBiondo, R""",Mays Landing Office,district,(609) 625-5008,(800) 471-4450,,,5914 Main Street Suite 103,,Mays Landing,NJ,08330-1746,"NJ02 Frank A. LoBiondo, R"
44,"""NJ02 Frank A. LoBiondo, R""","Washington, DC Office",capitol,(202) 225-6572,,,,2427 Rayburn House Office Building,,Washington,DC,20515,"NJ02 Frank A. LoBiondo, R"
45,"""NJ03 Thomas MacArthur, R""",Burlington County Office,district,(856) 267-5182,,,,Gibson House Community Center 535 East Main Street,,Marlton,NJ,08053,"NJ03 Thomas MacArthur, R"
46,"""NJ03 Thomas MacArthur, R""",Burlington County Office Mailing Address,district,(856) 267-5182,,,,PO Box 122,,Marlton,NJ,08053,"NJ03 Thomas MacArthur, R"
47,"""NJ03 Thomas MacArthur, R""",Ocean County Office,district,(732) 569-6495,,,,Township of Toms River Town Hall 33 Washington St,,Toms River,NJ,08753,"NJ03 Thomas MacArthur, R"
48,"""NJ03 Thomas MacArthur, R""","Washington, DC Office",capitol,(202) 225-4765,,,,506 Cannon House Office Building,,Washington,DC,20515,"NJ03 Thomas MacArthur, R"
49,"""NJ04 Christopher H. Smith, R""",Monmouth County Constituent Services Center ,district,(732) 780-3035,,,,112 Village Center Drive, Second Floor* Raintree Shopping Center,Freehold,NJ,07728,"NJ04 Christopher H. Smith, R"
50,"""NJ04 Christopher H. Smith, R""",Ocean County Office,district,(609) 286-2571,(732) 350-2300,,,405 Route 539 (Pinehurst Road),,Plumsted,NJ,08533,"NJ04 Christopher H. Smith, R"
51,"""NJ04 Christopher H. Smith, R""",Hamilton District Office,district,(609) 585-7878,,,,4573 South Broad Street ,,Hamilton,NJ,08620,"NJ04 Christopher H. Smith, R"
52,"""NJ04 Christopher H. Smith, R""","Washington, DC Office",capitol,(202) 225-3765,,,,2373 Rayburn House Office Building,,Washington,DC,20515,"NJ04 Christopher H. Smith, R"
53,"""NJ05 Josh Gottheimer, D""",Glen Rock Office,district,(202) 225-4465,,,,65 Harrisontown Road Suite 104,,Glen Rock,NJ,07452,"NJ05 Josh Gottheimer, D"
54,"""NJ05 Josh Gottheimer, D""","Washington, DC Office",capitol,(202) 225-4465,,,,213 Cannon House Office Building,,Washington,DC,20515,"NJ05 Josh Gottheimer, D"
55,"""NJ06 Frank  Pallone, Jr., D""",New Brunswick Office,district,(732) 249-8892,,,,67/69 Church St.,,New Brunswick,NJ,08901,"NJ06 Frank  Pallone, Jr., D"
56,"""NJ06 Frank  Pallone, Jr., D""",Long Branch Office,district,(732) 571-1140,,,,504 Broadway,,Long Branch,NJ,07740,"NJ06 Frank  Pallone, Jr., D"
57,"""NJ06 Frank  Pallone, Jr., D""","Washington, DC Office",capitol,(202) 225-4671,,,,237 Cannon HOB,,Washington,NJ,20515,"NJ06 Frank  Pallone, Jr., D"
58,"""AR01 Eric A. """"Rick"""" Crawford, R""",Jonesboro Office,district,(870) 203-0540,,,,2400 Highland Drive,Suite 300,Jonesboro,AR,72401,"AR01 Eric A. ""Rick"" Crawford, R"
59,"""AR01 Eric A. """"Rick"""" Crawford, R""",Cabot Office,district,(501) 843-3043,,,,112 S. 1st,,Cabot,AR,72023,"AR01 Eric A. ""Rick"" Crawford, R"
60,"""AR01 Eric A. """"Rick"""" Crawford, R""",Mountain Home Office ,district,(870) 424-2075,,,,1001 Highway 62 E,Suite 9,Mountain Home,AR,72653,"AR01 Eric A. ""Rick"" Crawford, R"
61,"""AZ06 David Schweikert, R""",Scottsdale Office,district,(480) 946-2411,,,,10603 North Hayden Rd.,Ste. 108,Scottsdale,AZ,85260,"AZ06 David Schweikert, R"
62,"""CA01 Doug LaMalfa, R""",Auburn District Office,district,(530) 878-5035,,,,2399 Rickenbacker Way,,Auburn,CA,95602,"CA01 Doug LaMalfa, R"
63,"""CA42 Ken Calvert, R""",District Office,district,(951) 277-0042,,,,400 S. Vicentia Avenue,Suite 125,Corona,CA,92882,"CA42 Ken Calvert, R"
64,"""CA01 Doug LaMalfa, R""",Oroville District Office,district,(530) 534-7100,,,,2862 Olive Highway,Suite D,Oroville,CA,95966,"CA01 Doug LaMalfa, R"
65,"""CA01 Doug LaMalfa, R""",Redding District Office,district,(530) 223-5898,,,,2885 Churn Creek Rd.,Suite C,Redding,CA,96002,"CA01 Doug LaMalfa, R"
66,"""AR02 J. French Hill, R""",Conway Office,district,(501) 358-3481,,,,1105 Deer Street,Suite 12,Conway,AR,72032,"AR02 J. French Hill, R"
67,"""AR02 J. French Hill, R""",Little Rock Office,district,(501) 324-5941,,,,1501 N. University Ave.,Suite 150,Little Rock,AR,72207,"AR02 J. French Hill, R"
68,"""UT01 Rob Bishop, R""",Ogden office,district,(801) 625-0107,,,,1017 Federal Building,324 25th Street ,Ogden,UT,84401,"UT01 Rob Bishop, R"
69,"""UT01 Rob Bishop, R""",Brigham City office,district,(801) 625-0107,,,,6 North Main Street,,Brigham City,UT ,84302,"UT01 Rob Bishop, R"
70,"""UT02 Chris Stewart, R""",Salt Lake City District Office,district,(801) 364-5550,,,,420 East South Temple #390,,Salt Lake City,UT,84111,"UT02 Chris Stewart, R"
71,"""UT02 Chris Stewart, R""",St. George District Office,district,(435) 627-1500,,,,253 West St. George Boulevard,Suite 100,St. George,UT,84770,"UT02 Chris Stewart, R"
72,"""UT03 Jason Chaffetz, R""","PROVO, UT OFFICE",district,(801) 851-2500,,,,51 S University Ave. ,Suite 318 ,Provo,UT,84601,"UT03 Jason Chaffetz, R"
73,"""NC12 Alma S. Adams, D""",Charlotte District Office,district,(704) 344-9950,,,,321 West 11th Street,Suites 100 & 200,Charlotte,NC,28202,"NC12 Alma S. Adams, D"
74,"""UT04 Mia B. Love, R""",State Offices,district,(801) 486-1236,,,,"9067 South 1300 West, Suite 101",,West Jordan,UT,84088,"UT04 Mia B. Love, R"
75,"""VA01 Robert J. Wittman, R""",Yorktown Office,district,(757) 874-6687,,,,401 Main Street ,P.O. Box 494,Yorktown,VA,23690,"VA01 Robert J. Wittman, R"
76,"""NC12 Alma S. Adams, D""",Greensboro District Office,district,(336) 275-9950,,,,1600 E. Wendover Ave,Suite I,Greensboro,NC,27405,"NC12 Alma S. Adams, D"
77,"""VA01 Robert J. Wittman, R""",Tappahannock Office,district,(804) 443-0668,,,,508 Church Lane,P.O. Box 3106,Tappahannock,VA,22560,"VA01 Robert J. Wittman, R"
78,"""VA01 Robert J. Wittman, R""",Stafford Office,district,(540) 659-2734,,,,95 Dunn Drive,Ste. 201,Stafford,VA,22556,"VA01 Robert J. Wittman, R"
79,"""ND00 Kevin Cramer, R""",Bismarck,district,(701) 224-0355,,,,220 East Rosser Avenue,328 Federal Building,Bismarck,ND ,58501,"ND00 Kevin Cramer, R"
80,"""VA02 Scott Taylor, R""",,district,(757) 222-6739,,,,P.O. Box 66528,,VA BEACH,VA,23466,"VA02 Scott Taylor, R"
81,"""ND00 Kevin Cramer, R""",Fargo,district,(701) 356-2216,,,,3217 Fiechtner Drive,Suite D,Fargo,ND,58103,"ND00 Kevin Cramer, R"
82,"""ND00 Kevin Cramer, R""",Grand Forks,district,(701) 738-4880,,,,4200 James Ray Drive,Office 600,Grand Forks,ND,58202,"ND00 Kevin Cramer, R"
83,"""ND00 Kevin Cramer, R""",Minot,district,(701) 839-0255,,,,315 Main Street,Suite 203,Minot,ND,58701,"ND00 Kevin Cramer, R"
84,"""NE01 Jeff Fortenberry, R""",Fremont Office,district,(402) 727-0888,,,,P.O. Box 377,641 N. Broad Street,Fremont,NE, 68026,"NE01 Jeff Fortenberry, R"
85,"""NE01 Jeff Fortenberry, R""",Lincoln Office,district,(402) 438-1598,,,,301 South 13th Street,Suite 100,Lincoln,NE,68508,"NE01 Jeff Fortenberry, R"
86,"""NE01 Jeff Fortenberry, R""",Norfolk Office,district,(402) 379-2064,,,,506 West Madison Avenue,Suite 2,Norfolk,NE ,68701,"NE01 Jeff Fortenberry, R"
87,"""NE02 Don Bacon, R""",OMAHA OFFICE,district,,,,,13906 Gold Circle,Suite 101,Omaha,NE,68144,"NE02 Don Bacon, R"
88,"""NE03 Adrian Smith, R""",Grand Island,district,(308) 384-3900,,,,1811 West Second Street,Suite 275,Grand Island,NE,68803,"NE03 Adrian Smith, R"
89,"""NE03 Adrian Smith, R""",Scottsbluff,district,(308) 633-6333,,,,416 Valley View Drive,Suite 600,Scottsbluff,NE,69361,"NE03 Adrian Smith, R"
90,"""NH01 Carol Shea-Porter, D""",DOVER OFFICE,district,,,,,660 Central Ave,,Dover,NH,03820,"NH01 Carol Shea-Porter, D"
91,"""GA09 Doug Collins, R""",Gainesville,district,(770) 297-3388,,,, 210 Washington St. NW,Suite 202,Gainesville,GA,30501,"GA09 Doug Collins, R"
92,"""GA10 Jody B. Hice, R""",MILLEDGEVILLE OFFICE,district,(478) 457-0007,,,,3015 Heritage Road,Suite 6 ,Milledgeville,GA,31061,"GA10 Jody B. Hice, R"
93,"""GA10 Jody B. Hice, R""",MONROE OFFICE,district,(770) 207-1776,,,,100 Court Street,,Monroe,GA,30655,"GA10 Jody B. Hice, R"
94,"""GA10 Jody B. Hice, R""",THOMSON OFFICE,district,(770) 207-1776,,,,210 Railroad Street,City-County Administration Room 2401,Thomson,GA,30824,"GA10 Jody B. Hice, R"
95,"""VA03 Robert C. """"Bobby"""" Scott, D""",Hampton Roads,district,(757) 380-1000,,,,2600 Washington Ave.,Suite 1010,Newport News,VA,23607,"VA03 Robert C. ""Bobby"" Scott, D"
96,"""VA06 Bob Goodlatte, R""", Harrisonburg Office,district,(540) 432-2391,,,,70 North Mason Street,,Harrisonburg,VA,22802,"VA06 Bob Goodlatte, R"
97,"""VA06 Bob Goodlatte, R""",Lynchburg Office,district,(434) 845-8306,,,,"916 Main Street, Suite 300",,Lynchburg,VA,24504,"VA06 Bob Goodlatte, R"
98,"""VA06 Bob Goodlatte, R""",Roanoke Office,district,(540) 857-2672,,,,"10 Franklin Road SE, Suite 540",,Roanoke,VA,24011,"VA06 Bob Goodlatte, R"
99,"""VA06 Bob Goodlatte, R""",Staunton Office,district,(540) 885-3861,,,,"117 South Lewis Street, Suite 215",,Staunton,VA,(540) 885-3861,"VA06 Bob Goodlatte, R"
100,"""AR03 Steve Womack, R""",Rogers Office,district,(479) 464-0446,,,,"3333 Pinnacle Hills, Suite 120",,Rogers,Arkansas,72758,"AR03 Steve Womack, R"
101,"""AR03 Steve Womack, R""",Harrison Office,district,(870) 741-6900,,,,"303 North Main Street, Suite 102",,Harrison,Arkansas,72601,"AR03 Steve Womack, R"
102,"""AR03 Steve Womack, R""",Fort Smith Office,district,(479) 424-1146,,,,423 North 6th Street,,Fort Smith,Arkansas,72902,"AR03 Steve Womack, R"
103,"""AR04 Bruce Westerman, R""",El Dorado Office,district,(870) 864-8946,,,,101 N. Washington Ave.,Suite 406,El Dorado,AR,71730,"AR04 Bruce Westerman, R"
104,"""AR04 Bruce Westerman, R""",Hot Springs Office,district,(501) 609-9796,,,,101 Reserve St.,Suite 200,Hot Springs,AR,71901,"AR04 Bruce Westerman, R"
105,"""AR04 Bruce Westerman, R""",Ozark Office,district,(479) 667-0075,,,,211 W. Commercial St.,,Ozark,AR,72949,"AR04 Bruce Westerman, R"
106,"""AR04 Bruce Westerman, R""",Pine Bluff Office,district,(870) 536-8178,,,,100 E. 8th Ave.,Room 2521,Pine Bluff,AR,71601,"AR04 Bruce Westerman, R"
107,"""AS00 Aumua Amata Coleman Radewagen, R""",American Samoa Office,district,(684) 633-3601,,,,PO Box 5859,Located at 1 Fagatogo Square,Pago Pago,AS,96799,"AS00 Aumua Amata Coleman Radewagen, R"
108,"""VA07 Dave Brat, R""",Glen Allen District Office,district,(804) 747-4073,,,,"4201 Dominion Blvd, Suite 110",,Glen Allen,VA,23060,"VA07 Dave Brat, R"
109,"""AZ02 Martha McSally, R""",Sierra Vista Office,district,(520) 459-3115,,,,77 Calle Portal,Suite B-160,Sierra Vista,AZ,85635,"AZ02 Martha McSally, R"
110,"""AZ02 Martha McSally, R""",Tucson Office,district,(520) 881-3588,,,,4400 E. Broadway Blvd,Suite 510,Tucson,AZ,85711,"AZ02 Martha McSally, R"
111,"""AZ03 Raul M. Grijalva, D""",Avondale Office,district,(623) 536-3388,,,,"1412 N Central Ave, Suite B",,Avondale,AZ,85323,"AZ03 Raul M. Grijalva, D"
112,"""AZ03 Raul M. Grijalva, D""",Somerton Office,district,(928) 343-7933,,,,146 N. State Avenue,,Somerton,AZ,85350,"AZ03 Raul M. Grijalva, D"
113,"""AZ03 Raul M. Grijalva, D""",Tucson Office,district,(520) 622-6788,,,,738 N 5th Ave. Suite 110,,Tucson,AZ,85705,"AZ03 Raul M. Grijalva, D"
114,"""AZ04 Paul A. Gosar, R""",Gold Canyon Office,district,(480) 882-2697,,,,"6499 S. Kings Ranch Road, #4",,Gold Canyon,AZ,85118,"AZ04 Paul A. Gosar, R"
115,"""AZ04 Paul A. Gosar, R""",Prescott Office,district,(928) 445-1683,,,,122 N. Cortez Street,Suite 104,Prescott,AZ,86301,"AZ04 Paul A. Gosar, R"
116,"""AZ07 Ruben Gallego, D""",Phoenix Office,district,(602) 256-0551,,,,411 N. Central Ave,Suite 150,Phoenix,AZ,85004,"AZ07 Ruben Gallego, D"
117,"""VA07 Dave Brat, R""",Spotsylvania District Office,district,(540) 507-7216,,,,9104 Courthouse Rd.,PO Box 99,Spotsylvania,VA,22553,"VA07 Dave Brat, R"
118,"""AZ08 Trent Franks, R""",Glendale Office,district,(623) 776-7911,,,,7121 West Bell Road,Suite 200,Glendale,AZ,85308,"AZ08 Trent Franks, R"
119,"""VA08 Donald S. Beyer, Jr., D""",District Office,district,(703) 658-5403,,,,5285 Shawnee Road,Suite 250,Alexandria,VA,22312,"VA08 Donald S. Beyer, Jr., D"
120,"""AZ09 Kyrsten Sinema, D""",Phoenix District Office,district,(602) 956-2285,,,,"2944 N. 44th Street, Suite 150",,Phoenix,AZ,85018,"AZ09 Kyrsten Sinema, D"
121,"""CA02 Jared Huffman, D""",Eureka District Office,district,(707) 407-3585,,,,317 Third St.,Suite 1,Eureka,CA,95501,"CA02 Jared Huffman, D"
122,"""VA09 H. Morgan Griffith, R""",Abingdon District Office,district,(276) 525-1405,,,,323 West Main Street,,Abingdon,VA,24210,"VA09 H. Morgan Griffith, R"
123,"""CA02 Jared Huffman, D""",Fort Bragg District Office,district,(707) 962-0933,,,,430 North Franklin St.,P.O. Box 2208,Fort Bragg,CA,95437,"CA02 Jared Huffman, D"
124,"""CA02 Jared Huffman, D""",Petaluma District Office,district,(707) 981-8967,,,,"206 G Street, Unit #3",,Petaluma,CA,94952,"CA02 Jared Huffman, D"
125,"""VA09 H. Morgan Griffith, R""",Christiansburg District Office,district,(540) 381-5671,,,,17 West Main Street,,"Christiansburg,",VA,24073,"VA09 H. Morgan Griffith, R"
126,"""CA02 Jared Huffman, D""",San Rafael District Office,district,(415) 258-9657,,,,999 Fifth Ave.,Suite 290,San Rafael,CA,94901,"CA02 Jared Huffman, D"
127,"""VA09 H. Morgan Griffith, R""",Big Stone Gap Office,district,(276) 525-1405,,,,Federal Courthouse,,Big Stone Gap,VA,24219,"VA09 H. Morgan Griffith, R"
128,"""CA02 Jared Huffman, D""",Ukiah District Office,district,(707) 671-7449,,,,559 Low Gap Road,,Ukiah,CA,95482,"CA02 Jared Huffman, D"
129,"""CA03 John Garamendi, D""",Davis Office,district,(530) 753-5301,,,,412 G Street,,Davis,CA,95616,"CA03 John Garamendi, D"
130,"""CA03 John Garamendi, D""",Fairfield Office,district,(707) 438-1822,,,,1261 Travis Blvd. Suite 130,,Fairfield,CA,94533,"CA03 John Garamendi, D"
131,"""CA03 John Garamendi, D""",Yuba City Office,district,(530) 329-8865,,,,795 Plumas Street,,Yuba City,CA,95991,"CA03 John Garamendi, D"
132,"""CA04 Tom McClintock, R""",Roseville District Office,district,(916) 786-5560,,,,"2200A Douglas Blvd, Suite 240",,Roseville,CA,95661,"CA04 Tom McClintock, R"
133,"""CA05 Mike Thompson, D""",Napa District Office,district,(707) 226-9898,,,,2721 Napa Valley Corporate Drive,,Napa,CA,94558,"CA05 Mike Thompson, D"
134,"""CA05 Mike Thompson, D""",Santa Rosa District Office,district,(707) 542-7182,,,,2300 County Center Dr. Suite A100,,Santa Rosa,CA,95403,"CA05 Mike Thompson, D"
135,"""CA05 Mike Thompson, D""",Vallejo District Office,district,(707) 645-1888,,,,985 Walnut Ave,,Vallejo,CA,94592,"CA05 Mike Thompson, D"
136,"""CA06 Doris O. Matsui, D""",Sacramento Office,district,(916) 498-5600,,,,Robert T. Matsui U.S. Courthouse,"501 I Street, Suite 12-600",Sacramento,CA,95814-7305,"CA06 Doris O. Matsui, D"
137,"""CA07 Ami Bera, D""",Sacramento County Office,district,(916) 635-0505,,,,8950 Cal Center Drive,"Building 3, Suite 100",Sacramento,CA,95826,"CA07 Ami Bera, D"
138,"""CA08 Paul Cook, R""",Apple Valley District Office,district,(760) 247-1815,,,,14955 Dale Evans Parkway,Apple Valley Town Hall,Apple Valley,CA,92307,"CA08 Paul Cook, R"
139,"""CA08 Paul Cook, R""",Yucaipa District Office,district,(909) 797-4900,,,,34282 Yucaipa Boulevard,,Yucaipa,CA,92399,"CA08 Paul Cook, R"
140,"""CA09 Jerry McNerney, D""",Antioch Office,district,(925) 754-0716,,,,Antioch Community Center,4703 Lone Tree Way,Antioch,CA,94531,"CA09 Jerry McNerney, D"
141,"""CA09 Jerry McNerney, D""",Stockton Office,district,(209) 476-8552,,,,2222 Grand Canal Blvd. #7,,Stockton,CA,95207,"CA09 Jerry McNerney, D"
142,"""CA10 Jeff Denham, R""",Modesto District Office,district,(209) 579-5458,,,,"4701 Sisk Road, Suite 202",,Modesto,CA,95356,"CA10 Jeff Denham, R"
143,"""CA11 Mark DeSaulnier, D""",Richmond Office,district,(510) 620-1000,,,,440 Civic Center Plaza,2nd Floor,Richmond,CA,94804,"CA11 Mark DeSaulnier, D"
144,"""CA11 Mark DeSaulnier, D""",Walnut Creek Office,district,(925) 933-2660,,,,101 Ygnacio Valley Road,Suite #210,Walnut Creek,CA,94596,"CA11 Mark DeSaulnier, D"
145,"""CA12 Nancy Pelosi, D""",San Francisco District Office,district,(415) 556-4862,,,,90 7th Street,Suite 2-800,San Francisco,CA,94103,"CA12 Nancy Pelosi, D"
146,"""CA13 Barbara Lee, D""", Oakland Office,district,510) 763-0370,,,,"1301 Clay Street, Ste. 1000-N",, Oakland,CA,94612,"CA13 Barbara Lee, D"
147,"""CA14 Jackie Speier, D""",San Mateo Office,district,(650) 342-0300,,,,155 Bovet Rd,Suite 780,San Mateo,CA,94402,"CA14 Jackie Speier, D"
148,"""CA15 Eric Swalwell, D""",Castro Valley District Office,district,(510) 370-3322,,,,3615 Castro Valley Blvd.,,Castro Valley,CA,94546,"CA15 Eric Swalwell, D"
149,"""CA16 Jim Costa, D""",Fresno Office,district,(559) 495-1620,,,,"855 M Street, Suite 940",,Fresno,CA,93721,"CA16 Jim Costa, D"
150,"""CA16 Jim Costa, D""",Merced Office,district,(209) 384-1620,,,,"2222 M St, Suite 305",,Merced,CA,95340,"CA16 Jim Costa, D"
151,"""CA17 Ro Khanna, D""",Santa Clara Office,district,(408) 436-2720,,,,900 Lafayette Street,Suite 206,Santa Clara,CA,95050,"CA17 Ro Khanna, D"
152,"""CA18 Anna G. Eshoo, D""",Palo Alto Office,district,(650) 323-2984,,,,698 Emerson Street,,Palo Alto,CA,94301,"CA18 Anna G. Eshoo, D"
153,"""CA19 Zoe Lofgren, D""", San Jose Office,district,(408) 271-8700,,,,"635 North 1st Street, Suite B",,San Jose,CA,95112,"CA19 Zoe Lofgren, D"
154,"""CA20 Jimmy Panetta, D""",Salinas Office,district,(831) 424-2229,,,,100 W Alisal St,,Salinas,CA,93901,"CA20 Jimmy Panetta, D"
155,"""CA20 Jimmy Panetta, D""",Santa Cruz Office,district,(831) 429-1976,,,,"701 Ocean St, Room 318C",,Santa Cruz,CA,95060,"CA20 Jimmy Panetta, D"
156,"""CA21 David G. Valadao, R""",Hanford Office,district,(559) 582-5526,,,,101 North Irwin Street,Suite 110B,Hanford,CA,93230,"CA21 David G. Valadao, R"
157,"""CA21 David G. Valadao, R""",Bakersfield Office,district,(661) 864-7736,,,,2700 M Street,Suite 250 B,Bakersfield,CA,93301,"CA21 David G. Valadao, R"
158,"""CA22 Devin Nunes, R""",Clovis Office,district,(559) 323-5235,,,,264 Clovis Avenue ,Suite 206 ,Clovis,CA,93612 ,"CA22 Devin Nunes, R"
159,"""CA22 Devin Nunes, R""",Visalia Office,district,(559) 733-3861,,,,113 North Church Street,Suite 208,Visalia,CA,93291,"CA22 Devin Nunes, R"
160,"""CA23 Kevin McCarthy, R""",Bakersfield District Office,district,(661) 327-3611,,,,4100 Empire Drive,Suite 150,Bakersfield,CA,93309,"CA23 Kevin McCarthy, R"
161,"""CA24 Salud O. Carbajal, D""",San Luis Obispo Office,district,(888) 202-8934,,,,1411 Marsh St,Suite 205,San Luis Obispo,CA,92401,"CA24 Salud O. Carbajal, D"
162,"""CA25 Stephen Knight, R""",Antelope Valley Office,district,(661) 441-0320,,,,1008 West Avenue M-14,Suite E,Palmdale,CA,93551,"CA25 Stephen Knight, R"
163,"""CA25 Stephen Knight, R""",Santa Clarita Valley Office,district,(661) 255-5630,,,,26415 Carl Boyer Drive,Suite 220,Santa Clarita,CA,91350,"CA25 Stephen Knight, R"
164,"""CA25 Stephen Knight, R""",Simi Valley Office,district,(805) 581-7130,,,,1445 E. Los Angeles Avenue,#206,Simi Valley,CA,93065,"CA25 Stephen Knight, R"
165,"""CA26 Julia Brownley, D""","Oxnard, CA Office",district,(805) 379-1779,,,,"300 E. Esplanade Drive, Suite 470",,Oxnard,CA,93036,"CA26 Julia Brownley, D"
166,"""CA26 Julia Brownley, D""","Thousand Oaks, CA Office",district,(805) 379-1779,,,,"223 E. Thousand Oaks Blvd., Suite 411",,Thousand Oaks,CA,91360,"CA26 Julia Brownley, D"
167,"""CA27 Judy Chu, D""",Claremont Office,district,(909) 625-5394,,,,"415 W. Foothill Blvd, Ste 122",,Claremont,CA,91711,"CA27 Judy Chu, D"
168,"""CA27 Judy Chu, D""",Pasadena Office,district,(626) 304-0110,,,,527 S. Lake Ave,Suite 106,Pasadena,CA,91101,"CA27 Judy Chu, D"
169,"""VA10 Barbara Comstock, R""",Loudoun County Office,district,(703) 404-6903,,,,21430 Cedar Drive,Suite 218,Sterling,VA,20164,"VA10 Barbara Comstock, R"
170,"""VA10 Barbara Comstock, R""",Shenandoah Valley Office,district,(540) 773-3600,,,,117 E. Piccadilly Street,Suite 100 D,Winchester,VA,22601,"VA10 Barbara Comstock, R"
171,"""VA11 Gerald E. Connolly, D""",Annandale Office,district,(703) 256-3071,,,,"4115 Annandale Road, Ste. 103",,Annandale,VA,22003,"VA11 Gerald E. Connolly, D"
172,"""VA11 Gerald E. Connolly, D""",Prince William Office,district,(571) 408-4407,,,,2241-D Tacketts Mill Drive,,Woodbridge,VA,22192,"VA11 Gerald E. Connolly, D"
173,"""VI00 Stacey E. Plaskett, D""",St. Croix Office,district,(340) 778-5900,,,,60 King Street,,Frederiksted,VI,00840,"VI00 Stacey E. Plaskett, D"
174,"""VI00 Stacey E. Plaskett, D""",St. Thomas Office,district,(340) 774-4408,,,,9100 Port of Sale Mall,Suite 22,St. Thomas,VI,00802,"VI00 Stacey E. Plaskett, D"
175,"""WA01 Suzan K. DelBene, D""",Bothell Office,district,(425) 485-0085,,,,"Canyon Park Business Center, 22121 17th Ave SE, Bldg E",Suite 220,Bothell,WA,98021,"WA01 Suzan K. DelBene, D"
176,"""WA01 Suzan K. DelBene, D""",Mount Vernon Office,district,(360) 416-7879,,,,204 W. Montgomery Street,,Mount Vernon,WA,98273,"WA01 Suzan K. DelBene, D"
177,"""WA02 Rick Larsen, D""",Bellingham Office,district,(360) 733-4500,,,,119 North Commercial Street Suite 1350,,Bellingham,WA,98225,"WA02 Rick Larsen, D"
178,"""WA02 Rick Larsen, D""",Everett Office,district,(425) 252-3188,,,,"Wall Street Building, 2930 Wetmore Avenue",Suite 9F,Everett,WA,98201,"WA02 Rick Larsen, D"
179,"""WA03 Jaime Herrera Beutler, R""", Vancouver Office,district,(360) 695-6292,,,, Vancouver Office O.O. Howard House (Officers’ Row) ,"750 Anderson Street, Suite B",Vancouver,WA,98661,"WA03 Jaime Herrera Beutler, R"
180,"""WA03 Jaime Herrera Beutler, R""",Chehalis Office,district,(360) 345-1042,,,,Chehalis City Hall Building,350 N. Market Blvd,Chehalis,WA,98532,"WA03 Jaime Herrera Beutler, R"
181,"""WA04 Dan Newhouse, R""",Yakima Office,district,(509) 452-3243,,,,402 E. Yakima Ave,402 E. Yakima Ave,Yakima,WA,98901,"WA04 Dan Newhouse, R"
182,"""WA04 Dan Newhouse, R""",Tri-Cities Office,district,(509) 713-7374,,,,3100 George Washington Way #135,,Richland,WA,99354,"WA04 Dan Newhouse, R"
183,"""WA05 Cathy McMorris Rodgers, R""",Colville,district,(509) 684-3481,,,,555 South Main Street,,Colville,WA,99114,"WA05 Cathy McMorris Rodgers, R"
184,"""WA05 Cathy McMorris Rodgers, R""",Spokane,district,(509) 353-2374,,,,"10 North Post Street, Suite 625",,Spokane,WA,99201,"WA05 Cathy McMorris Rodgers, R"
185,"""WA05 Cathy McMorris Rodgers, R""",Walla Walla,district,(509) 529-9358,,,,"26 E. Main Street, Suite 2 ",,Walla Walla,WA,99362,"WA05 Cathy McMorris Rodgers, R"
186,"""IN05 Susan W. Brooks, R""",5th District Offices,district,(317) 848-0201,,,,11611 North Meridian Street,Suite 415,carmel,Indiana,46032,"IN05 Susan W. Brooks, R"
187,"""IN06 Luke Messer, R""",Shelbyville Office,district,(317) 421-0704,,,,2 Public Square,,Shelbyville,Indiana,46176,"IN06 Luke Messer, R"
188,"""IN07 Andre Carson, D""",Indianapolis Office,district,(317) 283-6516,,,,300 E Fall Creek Pkwy. N. Dr.,Suite 300,Indianapolis,Indiana,46205,"IN07 Andre Carson, D"
189,"""IN08 Larry Bucshon, R""",Evansvile Office,district,(812) 465-6484,,,,420 Main Street,Suite 1402,EVANSville,Indiana,47708,"IN08 Larry Bucshon, R"
190,"""IN09 Trey Hollingsworth, R""",Jeffersonville Office,district,(202) 225-5315,,,,279 Quartermaster Court,,Jeffersonville,Indiana,47130,"IN09 Trey Hollingsworth, R"
191,"""MD08 Jamie Raskin, D""","WASHINGTON, DC OFFICE",capitol,(202) 225-5341,,,,431 Cannon House Office Building,,"Washington, DC","Washington, DC",20515,"MD08 Jamie Raskin, D"
192,"""MD08 Jamie Raskin, D""",ROCKVILLE OFFICE,district,,,,,51 Monroe St,Suite 503,Rockville,MD,20850,"MD08 Jamie Raskin, D"
193,"""ME01 Chellie Pingree, D""",Portland Office ,district,(207) 774-5019,,,,2 Portland Fish Pier, Suite 304,Portland,ME,04101,"ME01 Chellie Pingree, D"
194,"""ME01 Chellie Pingree, D""",Waterville Office,district,(207) 873-5713,,,,1 Silver Street,,Waterville,ME ,04901,"ME01 Chellie Pingree, D"
195,"""ME01 Chellie Pingree, D""","Washington, DC Office",capitol,(202) 225-6116,,,,2162 Rayburn House Office Building,,Washington,DC,20515,"ME01 Chellie Pingree, D"
196,"""ME02 Bruce Poliquin, R""","WASHINGTON, DC OFFICE",capitol,(202) 225-6306,,,,1208 Longworth House Office Building,,Washington,DC,20515,"ME02 Bruce Poliquin, R"
197,"""ME02 Bruce Poliquin, R""",BANGOR OFFICE,district,(207) 942-0583,,,,6 State Street,Suite 101,Bangor,ME,04401,"ME02 Bruce Poliquin, R"
198,"""ME02 Bruce Poliquin, R""",LEWISTON OFFICE,district,(207) 784-0768,,,,179 Lisbon Street,,Lewiston,ME,04240,"ME02 Bruce Poliquin, R"
199,"""ME02 Bruce Poliquin, R""",PRESQUE ISLE OFFICE,district,(207) 764-1968,,,,631 Main Street,Suite 2,Presque Isle,ME,04769,"ME02 Bruce Poliquin, R"
200,"""MI01 Jack Bergman, R""",WASHINGTON DC,capitol,(202) 225-4735,,,,414 Cannon House Office Building,,Washington,DC,20515,"MI01 Jack Bergman, R"
201,"""MN01 Timothy J. Walz, D""","Washington, DC Office",capitol,(202) 225-2472,,,,2313 Rayburn House Office Building,,Washington,DC ,20515,"MN01 Timothy J. Walz, D"
202,"""MN02 Jason Lewis, R""","WASHINGTON, DC OFFICE",capitol,(202) 225-2271,,,,418 Cannon House Office Building,,Washington,DC ,20515,"MN02 Jason Lewis, R"
203,"""MN02 Jason Lewis, R""",BURNSVILLE OFFICE,capitol,,,,,2805 Cliff Road,Ste 200,Burnsville,MN ,55337,"MN02 Jason Lewis, R"
204,"""MN03 Erik Paulsen, R"""," Washington, DC ",capitol,(202) 225-2871,,,,127 Cannon HOB,,Washington,D.C,20515,"MN03 Erik Paulsen, R"
205,"""MN03 Erik Paulsen, R""",District Office,district,(952) 405-8510,,,,250 Prairie Center Drive,Suite 230,Eden Prairie,MN ,55344,"MN03 Erik Paulsen, R"
206,"""MN04 Betty McCollum, D""","Washington, DC Office",capitol,(202) 225-6631,,,,2256 Rayburn House Office Building,,Washington,DC,20515,"MN04 Betty McCollum, D"
207,"""MN04 Betty McCollum, D""",St. Paul Office,district,(651) 224-9191,,,,165 Western Avenue North,Suite #17,St. Paul,Minnesota ,55102,"MN04 Betty McCollum, D"
208,"""MN05 Keith Ellison, D""","Washington, DC Office",capitol,(202) 225-4755,,,,2263 Rayburn Building,,Washington,DC,20515,"MN05 Keith Ellison, D"
209,"""MN05 Keith Ellison, D""",Minneapolis Office,district,(612) 522-1212,,,,2100 Plymouth Avenue N,,Minneapolis,MN,55411,"MN05 Keith Ellison, D"
210,"""MN06 Tom Emmer, R""","Washington, D.C. Office",capitol,(202) 225-2331,,,,315 Cannon House Office Building,,Washington,DC ,20003,"MN06 Tom Emmer, R"
211,"""MN06 Tom Emmer, R""",District Office,district,(763) 241-6848,,,,9201 Quaday Ave. NE,Suite 206,Otsego,MN ,55330,"MN06 Tom Emmer, R"
212,"""MN07 Collin C. Peterson, D""","Washington, DC Office",capitol,(202) 225-2165,,,,2204 Rayburn HOB,,Washington,DC,20515,"MN07 Collin C. Peterson, D"
213,"""MN07 Collin C. Peterson, D""",Marshall District Office,district,(507) 537-2299,,,,1420 East College Drive SW/WC,,Marshall,MN ,56258,"MN07 Collin C. Peterson, D"
214,"""MN07 Collin C. Peterson, D""",Redwood Falls District Office,district,(507) 637-2270,,,,230 East 3rd Street,,Redwood Falls,MN ,56283,"MN07 Collin C. Peterson, D"
215,"""MN07 Collin C. Peterson, D""",Detroit Lakes District Office,district,(218) 847-5056,,,,714 Lake Avenue ,Suite 101,Detroit Lakes,MN ,56501,"MN07 Collin C. Peterson, D"
216,"""MN07 Collin C. Peterson, D""",Montevideo District Office,district,(320) 235-1061,,,,100 N. First Street,,Montevideo,MN ,56265,"MN07 Collin C. Peterson, D"
217,"""MN07 Collin C. Peterson, D""",Willmar District Office ,district,(320) 235-1061,,,,"324 3rd Street, SW",Suite 4,Willmar,MN ,56201,"MN07 Collin C. Peterson, D"
218,"""NH02 Ann M. Kuster, D""",Concord,district,(603) 226-1002,,,,18 North Main Street,Fourth Floor,Concord,NH,03301,"NH02 Ann M. Kuster, D"
219,"""NH02 Ann M. Kuster, D""",Nashua,district,(603) 595-2006,,,,70 East Pearl Street,,Nashua,NH,03060,"NH02 Ann M. Kuster, D"
220,"""NH02 Ann M. Kuster, D""",North Country Office,district,(603) 444-7700,,,,33 Main Street,Suite 202,Littleton,NH,03561,"NH02 Ann M. Kuster, D"
221,"""NJ07 Leonard Lance, R""",Flemington District Office,district,(908) 788-6900,,,,361 Route 31,(Unit 1400),Flemington,NJ,08822,"NJ07 Leonard Lance, R"
222,"""NJ07 Leonard Lance, R""",Westfield District Office,district,(908) 518-7733,,,,425 North Avenue East,,Westfield,NJ,07090,"NJ07 Leonard Lance, R"
223,"""NJ08 Albio Sires, D""",Elizabeth Office,district,(908) 820-0692,,,,800 Anna Street,,Elizabeth, NJ,07201,"NJ08 Albio Sires, D"
224,"""NJ08 Albio Sires, D""",Jersey City Office,district,(201) 309-0301,,,,257 Cornelison Avenue,Suite 4408,Jersey City,NJ,07302,"NJ08 Albio Sires, D"
225,"""NJ08 Albio Sires, D""",West New York Office,district,(201) 558-0800,,,,5500 Palisade Avenue,Suite A,West New York, NJ ,07093,"NJ08 Albio Sires, D"
226,"""NJ09 Bill  Pascrell, Jr., D""",Englewood District Office,district,(201) 935-2248,,,,2-10 North Van Brunt St.,,Englewood,NJ, 07631,"NJ09 Bill  Pascrell, Jr., D"
227,"""NJ09 Bill  Pascrell, Jr., D""",Lyndhurst District Office,district,(201) 935-2248,,,,367 Valley Brook Ave,,Lyndhurst,NJ,07071,"NJ09 Bill  Pascrell, Jr., D"
228,"""NJ09 Bill  Pascrell, Jr., D""",Passaic District Office,district,(973) 472-4510,,,,330 Passaic Street,1st Street,Passaic,NJ,07055,"NJ09 Bill  Pascrell, Jr., D"
229,"""NJ09 Bill  Pascrell, Jr., D""",Paterson District Office,district,(973) 523-5152,,,,200 Federal Plaza,Suite 500 Robert A. Roe Federal Building,Paterson,NJ , 07505,"NJ09 Bill  Pascrell, Jr., D"
230,"""GA11 Barry Loudermilk, R""",Woodstock District Office,district,(770) 429-1776,,,,"9898 Highway 92, Suite 100",,Woodstock,GA,30188,"GA11 Barry Loudermilk, R"
231,"""GA11 Barry Loudermilk, R""",Cartersville District Office,district,(770) 429-1776,,,,"135 West Cherokee Avenue, Suite 122",,Cartersville,GA,30120,"GA11 Barry Loudermilk, R"
232,"""GA11 Barry Loudermilk, R""","600 Galleria Pkwy, Suite 120",district,(770) 429-1776,,,,"600 Galleria Pkwy, Suite 120",,Atlanta,GA,30339,"GA11 Barry Loudermilk, R"
233,"""GA11 Barry Loudermilk, R""",Galleria District Office,district,(770) 429-1776,,,,"600 Galleria Pkwy, Suite 120",,Atlanta,GA ,30339,"GA11 Barry Loudermilk, R"
234,"""GA12 Rick W. Allen, R""",AUGUSTA DISTRICT OFFICE,district,(706) 228-1980,,,,2743 Perimeter Parkway,"Bldg. 200, Suite 225",Augusta,GA,30909,"GA12 Rick W. Allen, R"
235,"""GA12 Rick W. Allen, R""",DUBLIN DISTRICT OFFICE,district,(478) 272-4030,,,,100 S. Church Street,,Dublin,GA,31021,"GA12 Rick W. Allen, R"
236,"""GA12 Rick W. Allen, R""",STATESBORO DISTRICT OFFICE,district,(912) 243-9452,,,,50 E. Main Street,,Statesboro,GA,30458,"GA12 Rick W. Allen, R"
237,"""GA12 Rick W. Allen, R""",VIDALIA DISTRICT OFFICE,district,(912) 403-3311,,,,"107 Old Airport Road, Suite A",,Vidalia,GA,30475,"GA12 Rick W. Allen, R"
238,"""GA13 David Scott, D""",JONESBORO DISTRICT OFFICE,district,(770) 210-5073,,,,173 North Main Street,,Jonesboro,GA,30236,"GA13 David Scott, D"
239,"""GA13 David Scott, D""",SMYRNA DISTRICT OFFICE,district,(770) 432-5405,,,,"888 Concord Road, Suite 100",,Smyrna,GA,30080,"GA13 David Scott, D"
240,"""GA14 Tom Graves, R""","ROME, GA OFFICE",district,(706) 290-1776,,,,600 East First Street,Suite 301,Rome,GA,30161,"GA14 Tom Graves, R"
241,"""GA14 Tom Graves, R""","DALTON, GA OFFICE ",district,(706) 226-5320,,,,702 South Thornton Avenue,,Dalton,GA,30720,"GA14 Tom Graves, R"
242,"""GU00 Madeleine Z. Bordallo, D""",GUAM OFFICE,district,(671) 477-4272,,,,120 Father Duenas Avenue,Suite 107,Hagåtña,GU,96910,"GU00 Madeleine Z. Bordallo, D"
243,"""HI01 Colleen Hanabusa, D""",Honolulu Office,district,(808) 541-2570,,,,300 Ala Moana Blvd.,,Honolulu,HI,96850,"HI01 Colleen Hanabusa, D"
244,"""HI02 Tulsi Gabbard, D""",Hawaiʻi District Office,district,(808) 541-1986,,,,"300 Ala Moana Blvd., Rm. 5-104",,Honolulu,HI,96850,"HI02 Tulsi Gabbard, D"
245,"""IA01 Rod Blum, R""",Cedar Falls Office,district,(319) 266-6925,,,,"515 Main Street, Suite D",,Cedar Falls,IA,50613,"IA01 Rod Blum, R"
246,"""IA01 Rod Blum, R""",Cedar Rapids Office,district,(319) 364-2288,,,,310 3rd Street SE,,Cedar Rapids,IA,52401,"IA01 Rod Blum, R"
247,"""IA01 Rod Blum, R""",Dubuque Office,district,(563) 557-7789,,,,1050 Main Street,,Dubuque,IA,52001,"IA01 Rod Blum, R"
248,"""IA02 David Loebsack, D""",Iowa City Office,district,(319) 351-0789,,,,125 South Dubuque Street,,Iowa City,IA,52240,"IA02 David Loebsack, D"
249,"""IA02 David Loebsack, D""",Davenport Office,district,(563) 323-5988,,,,"209 W. 4th Street, #104",,Davenport,IA,52801,"IA02 David Loebsack, D"
250,"""IA03 David Young, R""",Council Bluffs Constituent Services Office,district,(712) 325-1404,,,,501 5th Avenue,,Council Bluffs,IA,51503,"IA03 David Young, R"
251,"""IA03 David Young, R""",Creston Constituent Services Office,district,(641) 782-2495,,,,208 West Taylor Street,,Creston,IA,50801,"IA03 David Young, R"
252,"""IA03 David Young, R""",Des Moines Constituent Services Office,district,(515) 282-1909,,,,601 East Locust Street,Suite 204,Des Moines,IA,50309,"IA03 David Young, R"
253,"""IA04 Steve King, R""",Ames,district,(515) 232-2885,,,,1421 S Bell Avenue,Suite 102,Ames,IA,50010,"IA04 Steve King, R"
254,"""IA04 Steve King, R""",Fort Dodge,district,(515) 573-2738,,,,723 Central Avenue,,Fort Dodge,IA,50501,"IA04 Steve King, R"
255,"""IA04 Steve King, R""",Mason City,district,(641) 201-1624,,,,202-1st Street SE,Suite 126,Mason City,IA,50401,"IA04 Steve King, R"
256,"""IA04 Steve King, R""",Sioux City,district,(712) 224-4692,,,,526 Nebraska Street,,Sioux City,IA,51101,"IA04 Steve King, R"
257,"""IA04 Steve King, R""",Spencer,district,(712) 580-7754,,,,"306 Grand Avenue, P.O. Box 650",,Spencer,IA,51301,"IA04 Steve King, R"
258,"""PA01 Robert A. Brady, D""",Delaware County Office,district,(610) 874-7094,,,,1350 Edgmont Avenue,Suite 2575,Chester,PA,19013,"PA01 Robert A. Brady, D"
259,"""PA01 Robert A. Brady, D""",E. Clearfield Street Office,district,(267) 519-2252,,,,2637 E. Clearfield Street,,Philadelphia,PA,19134,"PA01 Robert A. Brady, D"
260,"""PA01 Robert A. Brady, D""",Memphis Street Office,district,(215) 426-4616,,,,2630 Memphis St.,,Philadelphia,PA,19125,"PA01 Robert A. Brady, D"
261,"""PA01 Robert A. Brady, D""",S. Broad Street Office,district,(215) 389-4627,,,,1909 S. Broad Street,,Philadelphia,PA,19148,"PA01 Robert A. Brady, D"
262,"""PA02 Dwight Evans, D""",Philadelphia Office,district,(215) 276-0340,,,,7174 Ogontz Avenue,,Philadelphia,PA,19138,"PA02 Dwight Evans, D"
263,"""PA03 Mike Kelly, R""",Erie District Office,district,(814) 454-8190,,,,208 E. Bayfront Parkway,Suite 102,Erie,PA,16507,"PA03 Mike Kelly, R"
264,"""PA03 Mike Kelly, R""",Sharon Office,district,(724) 342-7170,,,,33 Chestnut Avenue,,Sharon,PA,16146,"PA03 Mike Kelly, R"
265,"""PA03 Mike Kelly, R""",Butler Office,district,(724) 282-2557,,,,101 E. Diamond St.,Suite 218,Butler,PA,16001,"PA03 Mike Kelly, R"
266,"""KS01 Roger W. Marshall, R""",Salina Office,district,(202) 225-2715,,,,200 East Iron Avenue,,Salina,Kansas,67401,"KS01 Roger W. Marshall, R"
267,"""KS02 Lynn Jenkins, R""",Topeka Office,district,(785) 234-5966,(620) 231-5966,(202) 225-6601,,3550 SW 5th Street,,Topeka,Kansas,66606,"KS02 Lynn Jenkins, R"
268,"""KS03 Kevin Yoder, R""",Overland Park Office,district,(913) 621-0832,(202) 225-2865,,,7325 W. 79th St.,,Overland Park,Kansas,66204,"KS03 Kevin Yoder, R"
269,"""KS04 Mike Pompeo, R""",Wichita Office,district,(316) 262-8992,(202) 225-6216,,,7701 E Kellogg Ave #510,,Wichita,Kansas,67207,"KS04 Mike Pompeo, R"
270,"""KY01 James Comer, R""",Tompkinsville Office,district,(270) 487-9509;  (202) 225-3115,,,,200 North Main Street,Suite F,Tomkinsville,Kentucky,42167,"KY01 James Comer, R"
271,"""KY02 Brett Guthrie, R""",Bowling Green District Office,district,(270) 842-9896; (202) 225-3501,,,,996 Wilkinson Trace,Suite B2,Bowling Green,Kentucky,42103,"KY02 Brett Guthrie, R"
272,"""KY03 John A. Yarmuth, D""",Romano Mazzoli Federal Office Building,district,(502) 582-5129;  202-225-5401;  (502)-933-5863,,,,"600 Martin Luther King, Jr. Place",Suite 216,Louisville,Kentucky,40202,"KY03 John A. Yarmuth, D"
273,"""KY04 Thomas Massie, R""",Ashland Office,district,(606) 324-9898;  (502) 265-9119; (859) 426-0080; (202) 225-3465,,,,1700 Greenup Avenue,Suite 505,Ashland,Kentucky,41101,"KY04 Thomas Massie, R"
274,"""KY05 Harold Rogers, R""","Somerset, KY Offixe",district,800-632-8588; 606-439-0794;  606-886-0844;  (202) 225-4601,,,,551 Clifty Street,,Somersett,Kentucky,42503,"KY05 Harold Rogers, R"